chinafabric,染色与整理类,染色+印花,化学纤维,涤纶,女装,双面太阳绒印花,春季|秋季|冬季,涤纶　100%,150D+100D,,180,320,印染工艺,常规染色,,,,,HM1011200009,,期货,米,500,40,,,,,,,,,,FCEC1011200009.jpg
chinafabric,染色与整理类,常规染色,天然纤维,棉,女装,双面色织电脑提花,春季|秋季,棉　100%,32S*32S,,180,210,印染工艺,常规染色,,,,,HM1011200008,,期货,米,1000,65,,,,,,,,,,FCEC1011200008.jpg
chinafabric,提花类,大提花,天然纤维,棉,女装,双面色织电脑提花,春季|秋季,棉　100%,32S*32S,,180,210,印染工艺,常规染色,,,,,HM1011200007,,期货,米,1000,65,,,,,,,,,,FCEC1011200007.jpg
chinafabric,提花类,大提花,天然纤维,棉,女装,双面色织电脑提花,春季|秋季,棉　100%,32S*32S,,180,210,印染工艺,常规染色,,,,,HM1011200006,,期货,米,1000,65,,,,,,,,,,FCEC1011200006.jpg
chinafabric,提花类,大提花,天然纤维,棉,女装,双面色织电脑提花,春季|秋季,棉　100%,32S*32S,,180,210,印染工艺,常规染色,,,,,HM1011200005,,期货,米,1000,65,,,,,,,,,,FCEC1011200005.jpg
chinafabric,提花类,大提花,天然纤维,棉,女装,双面色织电脑提花,春季|秋季,棉　100%,32S*32S,,180,210,印染工艺,常规染色,,,,,HM1011200004,,期货,米,1000,65,,,,,,,,,,FCEC1011200004.jpg
chinafabric,提花类,大提花,天然纤维,棉,女装,双面色织电脑提花,春季|秋季,棉　100%,32S*32S,,180,210,印染工艺,常规染色,,,,,HM1011200003,,期货,米,1000,65,,,,,,,,,,FCEC1011200003.jpg
chinafabric,提花类,大提花,天然纤维,棉,女装,双面色织电脑提花,春季|秋季,棉　100%,32S*32S,,180,210,印染工艺,常规染色,,,,,HM1011200002,,期货,米,1000,65,,,,,,,,,,FCEC1011200002.jpg
chinafabric,提花类,大提花,天然纤维,棉,女装,双面电脑夹层提花,春季|秋季,棉　100%,32S*32S,,180,210,印染工艺,常规染色,,,,,HM1011200001,,期货,米,1000,68,,,,,,,,,,FCEC1011200001.jpg
chinafabric,染色与整理类,常规染色,化学纤维,涤纶,女装|男装|休闲服,天丝粘胶涤,春季|秋季,涤纶 50% 天丝 30% 粘胶 20%,40S/2*200D,,148,255,印染工艺,常规染色,,,,,HM1010900018,,期货,米,1000,0,,,,,,,,,,FCEC1010900018.jpg
chinafabric,染色与整理类,常规染色,天然纤维,棉弹力,女装|男装|休闲服,棉氨纶弹力提花面料,春季|秋季,棉 97% 氨纶 3%,18S*18S+70D,,143,310,印染工艺,常规染色,,,,,HM1010900017,,期货,米,1000,0,,,,,,,,,,FCEC1010900017.jpg
chinafabric,染色与整理类,常规染色,混纺纤维,棉涤混纺,女装|男装|休闲服,棉涤粘三元色织面料,春季|秋季,棉 50% 涤纶 33% 粘胶 17%,40/2+40/2+40/2*14/1+24/2+40/2,,163,250,印染工艺,常规染色,,,,,HM1010900015,,期货,米,1000,0,,,,,,,,,,FCEC1010900015.jpg
chinafabric,染色与整理类,常规染色,天然纤维,棉弹力,女装|男装|休闲服,有机棉弹力面料,春季|秋季,有机棉 97% 弹力 3%,40S*40S+40D,,148,215,印染工艺,常规染色,,,,,HM1010900014,,期货,米,1000,0,,,,,,,,,,FCEC1010900014.jpg
chinafabric,染色与整理类,常规染色,天然纤维,棉,女装|男装|休闲服,棉尼龙四面弹力面料,春季|秋季,棉 80% 锦纶 15% 弹力 5%,32S/2+70D*32S/2+70D+70D,,112,380,印染工艺,常规染色,,,,,HM1010900013,,期货,米,1000,0,,,,,,,,,,FCEC1010900013.jpg
chinafabric,染色与整理类,常规染色,天然纤维,麻赛尔,女装|运动装|休闲服,经编高强网布,春季|秋季,T 100%,,,132,410.3,印染工艺,常规染色,,,,,HM1010900012,,期货,米,1000,0,,,,,,,,,,FCEC1010900012.jpg
chinafabric,染色与整理类,常规染色,混纺纤维,涤粘混纺,女装,T/R弹力布,春季|秋季,T 62% R 34% SP 4%,32S+40D*32S+40D,,142,461.7,印染工艺,常规染色,,,,,HM1010900011,,期货,米,1000,0,,,,,,,,,,FCEC1010900011.jpg
chinafabric,染色与整理类,染色+印花,混纺纤维,棉麻混纺,女装|休闲服,棉麻竹节色织条子布,春季|秋季,L 55% C 45%,JC21竹+C21*L/C21,,157,189,印染工艺,常规染色,,,,,HM1010900010,,期货,米,1000,0,,,,,,,,,,FCEC1010900010.jpg
chinafabric,染色与整理类,常规染色,混纺纤维,棉麻混纺,男装,58047#T/R棉,春季|秋季,C 50% T 33% V 17%,40/2+40/2+40/2*14/1+24/2+40/2,,162,251.8,印染工艺,常规染色,,,,,HM1010900009,,期货,米,1000,0,,,,,,,,,,FCEC1010900009.jpg
chinafabric,染色与整理类,常规染色,混纺纤维,棉麻混纺,女装|男装|休闲服,涤棉五枚缎,春季|秋季,T 65% C 35%,21S/1*10S/1,,160,349.3,印染工艺,常规染色,,,,,HM1010900008,,期货,米,1000,0,,,,,,,,,,FCEC1010900008.jpg
chinafabric,染色与整理类,常规染色,天然纤维,麻赛尔,女装,涤锦布,春季|秋季,T 100%,,,150,154,印染工艺,常规染色,,,,,HM1010900007,,期货,米,1000,0,,,,,,,,,,FCEC1010900007.jpg
chinafabric,染色与整理类,常规染色,混纺纤维,棉麻混纺,女装,莫代尔蚕丝布,春季|秋季,C 51% TEL 32% W 13% MEV 4%,30(兰精莫代尔40/羊毛60)*10(兰莫)+10蚕丝,,148,304.3,印染工艺,常规染色,,,,,HM1010900006,,期货,米,1000,0,,,,,,,,,,FCEC1010900006.jpg
chinafabric,染色与整理类,常规染色,天然纤维,麻赛尔,女装,纯亚麻人字斜,春季|秋季,L 100%,9S*6S,,130,270,印染工艺,常规染色,,,,,HM1010900005,,期货,米,1000,0,,,,,,,,,,FCEC1010900005.jpg
chinafabric,染色与整理类,常规染色,天然纤维,麻赛尔,女装,天丝棉,春季|秋季,TEL 55% C 45%,20S*12S,,148,316.7,印染工艺,常规染色,,,,,HM1010900004,,期货,米,1000,0,,,,,,,,,,FCEC1010900004.jpg
chinafabric,染色与整理类,常规染色,天然纤维,麻赛尔,女装,101麻,春季|秋季,L 100%,14s*14S,,134,154,印染工艺,常规染色,,,,,HM1010900003,,期货,米,1000,0,,,,,,,,,,FCEC1010900003.jpg
chinafabric,染色与整理类,染色+印花,混纺纤维,棉麻混纺,女装,棉麻交织,春季|秋季,C 55% L 45%,60/2*3*14+14,,150,202,印染工艺,常规染色,,,,,HM1010900002,,期货,米,1000,0,,,,,,,,,,FCEC1010900002.jpg
chinafabric,染色与整理类,常规染色,天然纤维,麻赛尔,羽绒服,斜纹苎麻,春季|秋季,Ra 100%,14s*14S,,142,173,印染工艺,常规染色,,,,,HM1010900001,,期货,米,1000,0,,,,,,,,,,FCEC1010900001.jpg
chinafabric,染色与整理类,常规染色,化学纤维,锦纶,女装|羽绒服,硕果,秋季|冬季,锦纶 100%,20D*20D,,150,41,印染工艺,常规染色,,,,,HM1010800075,,期货,米,1000,0,,,,,,,,,,FCEC1010800075.jpg
chinafabric,染色与整理类,常规染色,化学纤维,锦纶,女装|羽绒服,颠覆,秋季|冬季,锦纶 100%,40D*40D,,150,81,印染工艺,常规染色,,,,,HM1010800074,,期货,米,1000,0,,,,,,,,,,FCEC1010800074.jpg
chinafabric,染色与整理类,常规染色,化学纤维,锦纶,女装|羽绒服,跨越时空,秋季|冬季,锦纶 100%,30D*30,,150,56,印染工艺,常规染色,,,,,HM1010800073,,期货,米,1000,0,,,,,,,,,,FCEC1010800073.jpg
chinafabric,染色与整理类,常规染色,化学纤维,锦纶,女装|羽绒服,密林夜色,秋季|冬季,锦纶 100%,30D*30,,150,68,印染工艺,常规染色,,,,,HM1010800072,,期货,米,1000,0,,,,,,,,,,FCEC1010800072.jpg
chinafabric,染色与整理类,常规染色,化学纤维,锦纶,女装|羽绒服,耕耘,秋季|冬季,锦纶 100%,50D*50,,150,156,印染工艺,常规染色,,,,,HM1010800071,,期货,米,1000,0,,,,,,,,,,FCEC1010800071.jpg
chinafabric,染色与整理类,常规染色,化学纤维,锦纶,女装|羽绒服,宝藏,秋季|冬季,锦纶 100%,30D*30,,150,76,印染工艺,常规染色,,,,,HM1010800070,,期货,米,1000,0,,,,,,,,,,FCEC1010800070.jpg
chinafabric,染色与整理类,常规染色,化学纤维,锦纶,女装|羽绒服,圆舞曲,秋季|冬季,锦纶 100%,30D*30,,150,72,印染工艺,常规染色,,,,,HM1010800069,,期货,米,1000,0,,,,,,,,,,FCEC1010800069.jpg
chinafabric,染色与整理类,常规染色,化学纤维,锦纶,女装|羽绒服,远古遐想,秋季|冬季,锦纶 100%,20D*30,,150,55,印染工艺,常规染色,,,,,HM1010800068,,期货,米,1000,0,,,,,,,,,,FCEC1010800068.jpg
chinafabric,染色与整理类,常规染色,化学纤维,锦纶,女装|羽绒服,理智,秋季|冬季,锦纶 100%,40D*40D,,150,74,印染工艺,常规染色,,,,,HM1010800067,,期货,米,1000,0,,,,,,,,,,FCEC1010800067.jpg
chinafabric,染色与整理类,常规染色,化学纤维,锦纶,女装|男装|休闲服,山形斜纹绒,秋季|冬季,锦纶 69% 涤纶 31%,230D*230D,,145,173,印染工艺,常规染色,,,,,HM1010800066,,期货,米,1000,0,,,,,,,,,,FCEC1010800066.jpg
chinafabric,染色与整理类,常规染色,化学纤维,锦纶,女装|男装,变‘革’--征铠,秋季|冬季,锦纶 69% 涤纶 31%,230D*230D,,145,183,印染工艺,常规染色,,,,,HM1010800065,,期货,米,1000,0,,,,,,,,,,FCEC1010800065.jpg
chinafabric,染色与整理类,常规染色,天然纤维,棉,女装|男装,变‘革’--印记,秋季|冬季,棉 76% 锦纶 24%,70D*10S,,145,245,印染工艺,常规染色,,,,,HM1010800064,,期货,米,1000,0,,,,,,,,,,FCEC1010800064.jpg
chinafabric,染色与整理类,常规染色,化学纤维,锦纶,女装|休闲服,变‘革’--落英,秋季|冬季,锦纶 69% 涤纶 31%,230D*230D,,145,185,印染工艺,常规染色,,,,,HM1010800063,,期货,米,1000,0,,,,,,,,,,FCEC1010800063.jpg
chinafabric,染色与整理类,常规染色,化学纤维,涤纶,女装,水晶泡,秋季|冬季,涤纶 100%,75D*225D,,148,153,印染工艺,常规染色,,,,,HM1010800062,,期货,米,1000,0,,,,,,,,,,FCEC1010800062.jpg
chinafabric,染色与整理类,常规染色,化学纤维,锦纶,女装|男装|休闲服,暮光之城,秋季|冬季,锦纶 69% 涤纶 31%,230D*230D,,145,185,印染工艺,常规染色,,,,,HM1010800061,,期货,米,1000,0,,,,,,,,,,FCEC1010800061.jpg
chinafabric,纱线工艺,混纺,混纺纤维,涤粘混纺,女装|男装,涤粘毛,秋季|冬季,T 76% R 12% W 12%,70S/2*40S,,150,152,印染工艺,常规染色,,,,,HM1010800060,,期货,米,5000,30.25,,,,,,,,,,FCEC1010800060.jpg
chinafabric,纱线工艺,混纺,混纺纤维,涤粘混纺,女装|男装,涤粘,秋季|冬季,T 70% R 30%,50S/2*32S,,150,225,印染工艺,常规染色,,,,,HM1010800059,,期货,米,5000,25.13,,,,,,,,,,FCEC1010800059.jpg
chinafabric,纱线工艺,混纺,混纺纤维,涤粘混纺,女装|男装,涤粘,秋季|冬季,T 70% R 30%,50S/2*40S,,152,228,印染工艺,常规染色,,,,,HM1010800058,,期货,米,5000,26.13,,,,,,,,,,FCEC1010800058.jpg
chinafabric,纱线工艺,混纺,混纺纤维,涤粘混纺,女装|男装,涤粘天丝混纺,秋季|冬季,T 60% R 20% Tn 20%,50S/2*36S,,145,188,印染工艺,常规染色,,,,,HM1010800057,,期货,米,5000,26,,,,,,,,,,FCEC1010800057.jpg
chinafabric,纱线工艺,混纺,混纺纤维,涤粘混纺,女装|男装,涤毛,秋季|冬季,T 74% R 26%,45S/2*30S,,150,237,印染工艺,常规染色,,,,,HM1010800056,,期货,米,5000,38.63,,,,,,,,,,FCEC1010800056.jpg
chinafabric,纱线工艺,混纺,混纺纤维,涤粘混纺,女装|男装,涤粘,秋季|冬季,T 70% R 30%,70S/2*36S,,150,163,印染工艺,常规染色,,,,,HM1010800055,,期货,米,5000,23.5,,,,,,,,,,FCEC1010800055.jpg
chinafabric,纱线工艺,混纺,混纺纤维,涤粘混纺,女装|男装,涤粘毛,秋季|冬季,T 74% R 16% W 10%,50S/2*40S,,150,227,印染工艺,常规染色,,,,,HM1010800054,,期货,米,5000,33,,,,,,,,,,FCEC1010800054.jpg
chinafabric,纱线工艺,混纺,混纺纤维,涤粘混纺,女装|男装,涤粘毛,秋季|冬季,T 76% R 12% W 12%,60S/2*40S,,150,164,印染工艺,常规染色,,,,,HM1010800053,,期货,米,5000,29.25,,,,,,,,,,FCEC1010800053.jpg
chinafabric,纱线工艺,混纺,混纺纤维,涤粘混纺,女装|男装,涤粘毛,秋季|冬季,T 76% R 12% W 12%,50S/2*32S,,147,140,印染工艺,常规染色,,,,,HM1010800052,,期货,米,5000,21.42,,,,,,,,,,FCEC1010800052.jpg
chinafabric,纱线工艺,混纺,混纺纤维,涤粘混纺,女装|男装,涤粘拉毛,秋季|冬季,T 88% R 12%,32S/2+40S/2*32S/2+40S/2,,150,303,印染工艺,常规染色,,,,,HM1010800051,,期货,米,5000,27.96,,,,,,,,,,FCEC1010800051.jpg
chinafabric,纱线工艺,混纺,混纺纤维,涤粘混纺,女装|男装,涤粘拉毛,秋季|冬季,T 79% R 21%,40S/2*40S/2,,150,273,印染工艺,常规染色,,,,,HM1010800050,,期货,米,5000,28.02,,,,,,,,,,FCEC1010800050.jpg
chinafabric,纱线工艺,混纺,混纺纤维,棉涤混纺,牛仔|女装|男装,棉涤,秋季|冬季,C 70% T 30%,32S/2*219D+200D,,148,224,印染工艺,常规染色,,,,,HM1010800049,,期货,米,5000,29.52,,,,,,,,,,FCEC1010800049.jpg
chinafabric,染色与整理类,染色+印花,天然纤维,棉,男装|女装,,春季|夏季|秋季,100棉 ,32S*32S+40S/2,,148,,印染工艺,常规染色,,,,,GY13801030,,期货,米,1000,0,,,,,,,,,,Capture_00004.JPG
chinafabric,染色与整理类,染色+印花,天然纤维,棉,男装|女装,S12B072,春季|夏季|秋季,100%C,,,147,240,印染工艺,常规染色,,,,,GY13725080,,期货,米,1000,0,,,,,,,,,,IMG_0840.jpg
chinafabric,染色与整理类,染色+印花,混纺纤维,涤粘混纺,男装|女装,S12A007,春季|夏季|秋季,70%P 30%R,,,145,210,印染工艺,常规染色,,,,,GY13725079,,期货,米,1000,0,,,,,,,,,,IMG_0839.jpg
chinafabric,染色与整理类,染色+印花,混纺纤维,涤粘混纺,男装|女装,S12A006,春季|夏季|秋季,79%P 21%R,,,152,200,印染工艺,常规染色,,,,,GY13725078,,期货,米,1000,0,,,,,,,,,,IMG_0838.jpg
chinafabric,染色与整理类,染色+印花,混纺纤维,涤粘混纺,男装|女装,S12A010,春季|夏季|秋季,68%P 32%R,,,147,255,印染工艺,常规染色,,,,,GY13725077,,期货,米,1000,0,,,,,,,,,,IMG_0837.jpg
chinafabric,染色与整理类,染色+印花,混纺纤维,涤粘混纺,男装|女装,S12A012,春季|夏季|秋季,80%P 20%R,,,152,180,印染工艺,常规染色,,,,,GY13725076,,期货,米,1000,0,,,,,,,,,,IMG_0836.jpg
chinafabric,染色与整理类,染色+印花,混纺纤维,涤粘混纺,男装|女装,S12A014,春季|夏季|秋季,84%P 16%R,,,155,190,印染工艺,常规染色,,,,,GY13725075,,期货,米,1000,0,,,,,,,,,,IMG_0835.jpg
chinafabric,染色与整理类,染色+印花,混纺纤维,涤粘混纺,男装|女装,S12A018,春季|夏季|秋季,92%P 8%R,,,147,175,印染工艺,常规染色,,,,,GY13725074,,期货,米,1000,0,,,,,,,,,,IMG_0834.jpg
chinafabric,染色与整理类,染色+印花,化学纤维,涤纶,男装|女装,S12A020,春季|夏季|秋季,80%P 16%B 4%L,,,147,215,印染工艺,常规染色,,,,,GY13725073,,期货,米,1000,0,,,,,,,,,,IMG_0833.jpg
chinafabric,染色与整理类,染色+印花,混纺纤维,涤粘混纺,男装|女装,S12A021,春季|夏季|秋季,84%P 16%R,,,150,240,印染工艺,常规染色,,,,,GY13725072,,期货,米,1000,0,,,,,,,,,,IMG_0832.jpg
chinafabric,染色与整理类,染色+印花,天然纤维,棉,男装|女装,s12b061,春季|夏季|秋季,100%C,40S*32+40D,,145,190,印染工艺,常规染色,,,,,GY13725071,,期货,米,1000,0,,,,,,,,,,IMG_0831.jpg
chinafabric,染色与整理类,染色+印花,混纺纤维,涤粘混纺,男装|女装,S12A025,春季|夏季|秋季,60%P 20%R 20%W,,,155,200,印染工艺,常规染色,,,,,GY13725070,,期货,米,1000,0,,,,,,,,,,IMG_0830.jpg
chinafabric,染色与整理类,染色+印花,混纺纤维,涤粘混纺,男装|女装,S12A027,春季|夏季|秋季,85%P 15%R,,,150,200,印染工艺,常规染色,,,,,GY13725069,,期货,米,1000,0,,,,,,,,,,IMG_0829.jpg
chinafabric,染色与整理类,染色+印花,混纺纤维,棉涤混纺,男装|女装,S12B071,春季|夏季|秋季,19%T 23%P 58%C,21S*16S,,147,280,印染工艺,常规染色,,,,,GY13725068,,期货,米,1000,0,,,,,,,,,,IMG_0828.jpg
chinafabric,染色与整理类,染色+印花,混纺纤维,棉涤混纺,男装|女装,S12B066,春季|夏季|秋季,50%T 50%C,20S*32S,,147,220,印染工艺,常规染色,,,,,GY13725067,,期货,米,1000,0,,,,,,,,,,IMG_0827.jpg
chinafabric,染色与整理类,染色+印花,天然纤维,羊毛,男装|女装,S743,春季|夏季|秋季,30%W 70%MIXED FIBFR,,,147,215,印染工艺,常规染色,,,,,GY13725066,,期货,米,1000,0,,,,,,,,,,IMG_0826.jpg
chinafabric,染色与整理类,染色+印花,混纺纤维,棉麻混纺,男装|女装,S7742,春季|夏季|秋季,60%C 30%L 10%LUREX,15S+8*15S,,142,240,印染工艺,常规染色,,,,,GY13725065,,期货,米,1000,0,,,,,,,,,,IMG_0825.jpg
chinafabric,染色与整理类,染色+印花,混纺纤维,棉涤混纺,男装|女装,x60606-3,春季|夏季|秋季,58.5%P 38%c 3.5%sp,,,147,165,印染工艺,常规染色,,,,,GY13725064,,期货,米,1000,0,,,,,,,,,,IMG_0824.jpg
chinafabric,染色与整理类,染色+印花,天然纤维,棉,男装|女装,X112099,春季|夏季|秋季,100%C,32S/1C*32S/1C CRYSTAL,,145,145,印染工艺,常规染色,,,,,GY13725063,,期货,米,1000,0,,,,,,,,,,IMG_0823.jpg
chinafabric,染色与整理类,染色+印花,天然纤维,棉,男装|女装,S7034,春季|夏季|秋季,100%C,40SC*32SC,,147,150,印染工艺,常规染色,,,,,GY13725062,,期货,米,1000,0,,,,,,,,,,IMG_0822.jpg
chinafabric,染色与整理类,染色+印花,天然纤维,棉,男装|女装,X11B384,春季|夏季|秋季,100%c,A/60S/1C+B/60S/1C竹节（2A1B）3/1斜*60s/1c,,140,120,印染工艺,常规染色,,,,,GY13725061,,期货,米,1000,0,,,,,,,,,,IMG_0821.jpg
chinafabric,染色与整理类,染色+印花,天然纤维,棉,男装|女装,S2965-F,春季|夏季|秋季,100%C,,,152,145,印染工艺,常规染色,,,,,GY13725060,,期货,米,1000,0,,,,,,,,,,IMG_0820.jpg
chinafabric,染色与整理类,染色+印花,天然纤维,棉,男装|女装,X10298,春季|夏季|秋季,100%C,60S/1C*60S/1C,,140,120,印染工艺,常规染色,,,,,GY13725059,,期货,米,1000,0,,,,,,,,,,IMG_0819.jpg
chinafabric,染色与整理类,染色+印花,天然纤维,棉,男装|女装,X11B398,春季|夏季|秋季,100%C,80*80 CRYSTAL,,145,80,印染工艺,常规染色,,,,,GY13725058,,期货,米,1000,0,,,,,,,,,,IMG_0818.jpg
chinafabric,染色与整理类,染色+印花,混纺纤维,涤粘混纺,男装|女装,X80578,春季|夏季|秋季,72%T 24%R 4%SP,,,145,240,印染工艺,常规染色,,,,,GY13725057,,期货,米,1000,0,,,,,,,,,,IMG_0817.jpg
chinafabric,染色与整理类,染色+印花,混纺纤维,涤粘混纺,男装|女装,X90082,春季|夏季|秋季,64%T 33%R 3%SP,,,143,190,印染工艺,常规染色,,,,,GY13725056,,期货,米,1000,0,,,,,,,,,,IMG_0816.jpg
chinafabric,染色与整理类,染色+印花,混纺纤维,涤粘混纺,男装|女装,X20770,春季|夏季|秋季,75%P 20%R 5%SP,,,145,200,印染工艺,常规染色,,,,,GY13725055,,期货,米,1000,0,,,,,,,,,,IMG_0815.jpg
chinafabric,染色与整理类,染色+印花,混纺纤维,棉麻混纺,男装|女装,S92A127,春季|夏季|秋季,100%C,,,145,106,印染工艺,常规染色,,,,,GY13725054,,期货,米,1000,0,,,,,,,,,,IMG_0814.jpg
chinafabric,染色与整理类,染色+印花,天然纤维,棉,男装|女装,X112039,春季|夏季|秋季,70%C 27%N 3%SP,JC70S*N40D+20DSP,,145,92,印染工艺,常规染色,,,,,GY13725053,,期货,米,1000,0,,,,,,,,,,IMG_0813.jpg
chinafabric,染色与整理类,染色+印花,天然纤维,棉,男装|女装,X11B396,春季|夏季|秋季,100%C,60S*60SCRYSTAL ,,145,70,印染工艺,常规染色,,,,,GY13725052,,期货,米,1000,0,,,,,,,,,,IMG_0812.jpg
chinafabric,染色与整理类,染色+印花,混纺纤维,棉麻混纺,男装|女装,S12B022,春季|夏季|秋季,55%L 45%C,15S*15S,,145,180,印染工艺,常规染色,,,,,GY13725051,,期货,米,1000,0,,,,,,,,,,IMG_0811.jpg
chinafabric,染色与整理类,染色+印花,混纺纤维,棉麻混纺,男装|女装,S12B027,春季|夏季|秋季,55%L 45%C,15S*15S,,145,155,印染工艺,常规染色,,,,,GY13725050,,期货,米,1000,0,,,,,,,,,,IMG_0810.jpg
chinafabric,染色与整理类,染色+印花,天然纤维,麻赛尔,男装|女装,S92A212,春季|夏季|秋季,100%L,,,137,115,印染工艺,常规染色,,,,,GY13725049,,期货,米,1000,0,,,,,,,,,,IMG_0809.jpg
chinafabric,染色与整理类,染色+印花,混纺纤维,棉涤混纺,男装|女装,S12B069,春季|夏季|秋季,50%T 50%C,40*32+21,,147,210,印染工艺,常规染色,,,,,GY13725048,,期货,米,1000,0,,,,,,,,,,IMG_0808.jpg
chinafabric,染色与整理类,染色+印花,天然纤维,棉,男装|女装,X80147-M,春季|夏季|秋季,97%C 3%SP,,,150,230,印染工艺,常规染色,,,,,GY13725047,,期货,米,1000,0,,,,,,,,,,IMG_0807.jpg
chinafabric,染色与整理类,染色+印花,天然纤维,棉,男装|女装,X10264,春季|夏季|秋季,97%C 3%SP,,,147,200,印染工艺,常规染色,,,,,GY13725046,,期货,米,1000,0,,,,,,,,,,IMG_0806.jpg
chinafabric,染色与整理类,染色+印花,天然纤维,棉,男装|女装,X112134,春季|夏季|秋季,100%C,40S/2*20 TOPSOFT,,147,270,印染工艺,常规染色,,,,,GY13725045,,期货,米,1000,0,,,,,,,,,,IMG_0805.jpg
chinafabric,染色与整理类,染色+印花,天然纤维,棉,男装|女装,X11B187,春季|夏季|秋季,97%C 3%SP,32S*32S+40D CRYSTAL,,150,195,印染工艺,常规染色,,,,,GY13725044,,期货,米,1000,0,,,,,,,,,,IMG_0804.jpg
chinafabric,染色与整理类,染色+印花,天然纤维,棉,男装|女装,X11B181,春季|夏季|秋季,100%C,40S*40SCRYSTAL,,142,115,印染工艺,常规染色,,,,,GY13725043,,期货,米,1000,0,,,,,,,,,,IMG_0803.jpg
chinafabric,染色与整理类,染色+印花,天然纤维,棉,男装|女装,X10270,春季|夏季|秋季,100%C,60S*60S,,147,123,印染工艺,常规染色,,,,,GY13725042,,期货,米,1000,0,,,,,,,,,,IMG_0802.jpg
chinafabric,染色与整理类,染色+印花,天然纤维,棉,男装|女装,X11B397,春季|夏季|秋季,97%C 3%SP,21S*12S+70DSP TOPSOFT,,147,220,印染工艺,常规染色,,,,,GY13725041,,期货,米,1000,0,,,,,,,,,,IMG_0801.jpg
chinafabric,染色与整理类,染色+印花,天然纤维,棉,男装|女装,X30147,春季|夏季|秋季,97%C 3%SP,C32S*C32S+40D,,147,195,印染工艺,常规染色,,,,,GY13725040,,期货,米,1000,0,,,,,,,,,,IMG_0800.jpg
chinafabric,染色与整理类,染色+印花,天然纤维,棉,男装|女装,X112101,春季|夏季|秋季,97%C 3%SP,32S/1C*32S/1C+40DSP CRYSTAL,,147,200,印染工艺,常规染色,,,,,GY13725039,,期货,米,1000,0,,,,,,,,,,IMG_0799.jpg
chinafabric,染色与整理类,染色+印花,天然纤维,棉,男装|女装,X11B189,春季|夏季|秋季,97%C 3%SP,21S*12S+70D CRYSTAL,,145,280,印染工艺,常规染色,,,,,GY13725038,,期货,米,1000,0,,,,,,,,,,IMG_0798.jpg
chinafabric,染色与整理类,染色+印花,天然纤维,棉,男装|女装,X10270,春季|夏季|秋季,100%C,60S*60S,,145,123,印染工艺,常规染色,,,,,GY13725037,,期货,米,1000,0,,,,,,,,,,IMG_0797.jpg
chinafabric,染色与整理类,染色+印花,天然纤维,棉,男装|女装,S7138,春季|夏季|秋季,97%C 3%SP,60S*40S+40D,,142,160,印染工艺,常规染色,,,,,GY13725036,,期货,米,1000,0,,,,,,,,,,IMG_0796.jpg
chinafabric,染色与整理类,染色+印花,天然纤维,棉,男装|女装,X102120,春季|夏季|秋季,100%C,40S*40S,,150,142,印染工艺,常规染色,,,,,GY13725035,,期货,米,1000,0,,,,,,,,,,IMG_0795.jpg
chinafabric,染色与整理类,染色+印花,天然纤维,棉,男装|女装,S11B176,春季|夏季|秋季,100%C,JC32S*32S,,147,140,印染工艺,常规染色,,,,,GY13725034,,期货,米,1000,0,,,,,,,,,,IMG_0794.jpg
chinafabric,染色与整理类,染色+印花,天然纤维,棉,男装|女装,S11B172,春季|夏季|秋季,100%C,,,147,90,印染工艺,常规染色,,,,,GY13725033,,期货,米,1000,0,,,,,,,,,,IMG_0792.jpg
chinafabric,染色与整理类,染色+印花,天然纤维,棉,男装|女装,X112092,春季|夏季|秋季,100%C,,,147,140,印染工艺,常规染色,,,,,GY13725032,,期货,米,1000,0,,,,,,,,,,IMG_0791.jpg
chinafabric,染色与整理类,染色+印花,天然纤维,棉,男装|女装,X112110,春季|夏季|秋季,100%C,60/2S*60/2S,,106,180,印染工艺,常规染色,,,,,GY13725031,,期货,米,1000,0,,,,,,,,,,IMG_0790.jpg
chinafabric,染色与整理类,染色+印花,天然纤维,棉,男装|女装,X11B181,春季|夏季|秋季,100%C,40S*40SCRYSTAL,,142,115,印染工艺,常规染色,,,,,GY13725030,,期货,米,1000,0,,,,,,,,,,IMG_0789.jpg
chinafabric,染色与整理类,染色+印花,天然纤维,棉,男装|女装,X102134,春季|夏季|秋季,100%C,40S*40S,,149,120,印染工艺,常规染色,,,,,GY13725029,,期货,米,1000,0,,,,,,,,,,IMG_0788.jpg
chinafabric,染色与整理类,染色+印花,天然纤维,棉,男装|女装,X102198,春季|夏季|秋季,98%C 2%SP,40S*40S+40D,,147,112,印染工艺,常规染色,,,,,GY13725028,,期货,米,1000,0,,,,,,,,,,IMG_0787.jpg
chinafabric,染色与整理类,染色+印花,天然纤维,棉,男装|女装,X102156,春季|夏季|秋季,97%C 3%SP,60S*60S+30D,,124,85,印染工艺,常规染色,,,,,GY13725027,,期货,米,1000,0,,,,,,,,,,IMG_0786.jpg
chinafabric,染色与整理类,染色+印花,天然纤维,棉,男装|女装,X70800,春季|夏季|秋季,100%C,60S/C*60S/C,,147,108,印染工艺,常规染色,,,,,GY13725026,,期货,米,1000,0,,,,,,,,,,IMG_0785.jpg
chinafabric,染色与整理类,染色+印花,天然纤维,棉,男装|女装,X70800,春季|夏季|秋季,100%C,60S/C*60S/C,,147,108,印染工艺,常规染色,,,,,GY13725025,,期货,米,1000,0,,,,,,,,,,IMG_0784.jpg
chinafabric,染色与整理类,染色+印花,天然纤维,棉,男装|女装,X11B378,春季|夏季|秋季,98%C 2%SP,80SC*80SC+30D,,147,105,印染工艺,常规染色,,,,,GY13725024,,期货,米,1000,0,,,,,,,,,,IMG_0783.jpg
chinafabric,染色与整理类,染色+印花,天然纤维,棉,男装|女装,X1120100,春季|夏季|秋季,100%C,80S/1C*80S/1C CRYSTAL,,147,85,印染工艺,常规染色,,,,,GY13725023,,期货,米,1000,0,,,,,,,,,,IMG_0782.jpg
chinafabric,染色与整理类,染色+印花,化学纤维,涤纶,男装|女装,X20706,春季|夏季|秋季,100%P,,,147,240,印染工艺,常规染色,,,,,GY13725022,,期货,米,1000,0,,,,,,,,,,IMG_0781.jpg
chinafabric,染色与整理类,染色+印花,化学纤维,涤纶,男装,X30575,春季|夏季|秋季,98.2%P 1.8%SP,,,147,230,印染工艺,常规染色,,,,,GY13725021,,期货,米,1000,0,,,,,,,,,,IMG_0780.jpg
chinafabric,染色与整理类,染色+印花,混纺纤维,涤粘混纺,男装,X99014,春季|夏季|秋季,97%P 3%SP,,,147,240,印染工艺,常规染色,,,,,GY13725020,,期货,米,1000,0,,,,,,,,,,IMG_0779.jpg
chinafabric,染色与整理类,染色+印花,混纺纤维,涤粘混纺,男装,X20517,春季|夏季|秋季,95%T 5%SP,,,147,320,印染工艺,常规染色,,,,,GY13725019,,期货,米,1000,0,,,,,,,,,,IMG_0778.jpg
chinafabric,染色与整理类,染色+印花,混纺纤维,涤粘混纺,男装,X71000,春季|夏季|秋季,75.5%P 23%R 1.5%SP ,,,147,250,印染工艺,常规染色,,,,,GY13725018,,期货,米,1000,0,,,,,,,,,,IMG_0777.jpg
chinafabric,染色与整理类,染色+印花,混纺纤维,涤粘混纺,男装,X90346,春季|夏季|秋季,90%P 8%R 2%SP,,,145,380,印染工艺,常规染色,,,,,GY13725017,,期货,米,1000,0,,,,,,,,,,IMG_0776.jpg
chinafabric,染色与整理类,染色+印花,混纺纤维,涤粘混纺,男装,X101286,春季|夏季|秋季,58%T 38%R 4%SP,,,140,245,印染工艺,常规染色,,,,,GY13725016,,期货,米,1000,0,,,,,,,,,,IMG_0775.jpg
chinafabric,染色与整理类,染色+印花,混纺纤维,涤粘混纺,男装,X101231,春季|夏季|秋季,79%T 19%R 2%SP,,,149,450,印染工艺,常规染色,,,,,GY13725015,,期货,米,1000,0,,,,,,,,,,IMG_0774.jpg
chinafabric,染色与整理类,染色+印花,混纺纤维,涤粘混纺,男装,X10330,春季|夏季|秋季,90%T 10%R,,,148,380,印染工艺,常规染色,,,,,GY13725014,,期货,米,1000,0,,,,,,,,,,IMG_0773.jpg
chinafabric,染色与整理类,染色+印花,混纺纤维,涤粘混纺,男装,X80567-1,春季|夏季|秋季,57%P 38%R 5%SP,,,150,265,印染工艺,常规染色,,,,,GY13725013,,期货,米,1000,0,,,,,,,,,,IMG_0772.jpg
chinafabric,染色与整理类,染色+印花,混纺纤维,涤粘混纺,男装,X80561,春季|夏季|秋季,65%T 32%R 3%SP,,,149,465,印染工艺,常规染色,,,,,GY13725012,,期货,米,1000,0,,,,,,,,,,IMG_0771.jpg
chinafabric,染色与整理类,染色+印花,混纺纤维,涤粘混纺,男装,X80561,春季|夏季|秋季,65%T 32%R 3%SP,,,149,465,印染工艺,常规染色,,,,,GY13725011,,期货,米,1000,0,,,,,,,,,,IMG_0770.jpg
chinafabric,染色与整理类,染色+印花,混纺纤维,涤粘混纺,男装,X80301,春季|夏季|秋季,63%T 32%R 5%SP,,,150,385,印染工艺,常规染色,,,,,GY13725010,,期货,米,1000,0,,,,,,,,,,IMG_0769.jpg
chinafabric,染色与整理类,染色+印花,混纺纤维,涤粘混纺,男装,X80407,春季|夏季|秋季,63%T 34%R 3%SP,,,149,495,印染工艺,常规染色,,,,,GY13725009,,期货,米,1000,0,,,,,,,,,,IMG_0768.jpg
chinafabric,染色与整理类,染色+印花,混纺纤维,涤粘混纺,男装,X10121,春季|夏季|秋季,63%P 32%R 5%SP,,,130,215,印染工艺,常规染色,,,,,GY13725008,,期货,米,1000,0,,,,,,,,,,IMG_0767.jpg
chinafabric,染色与整理类,染色+印花,混纺纤维,涤粘混纺,男装,X11A142,春季|夏季|秋季,66%T 30%R 4%SP,,,149,410,印染工艺,常规染色,,,,,GY13725007,,期货,米,1000,0,,,,,,,,,,IMG_0766.jpg
chinafabric,染色与整理类,染色+印花,混纺纤维,涤粘混纺,男装,X11A180-1,春季|夏季|秋季,78%T 19%R 3%SP,,,149,430,印染工艺,常规染色,,,,,GY13725006,,期货,米,1000,0,,,,,,,,,,IMG_0765.jpg
chinafabric,染色与整理类,染色+印花,化学纤维,涤纶,男装,S2579,春季|夏季|秋季,80%T 20%R,,,149,295,印染工艺,常规染色,,,,,GY13725005,,期货,米,1000,0,,,,,,,,,,IMG_0764.jpg
chinafabric,染色与整理类,染色+印花,化学纤维,涤纶,男装,S8A325,春季|夏季|秋季,90%T 10%R,,,149,387,印染工艺,常规染色,,,,,GY13725004,,期货,米,1000,0,,,,,,,,,,IMG_0763.jpg
chinafabric,染色与整理类,染色+印花,化学纤维,涤纶,男装,X90337,春季|夏季|秋季,80%T 14.5%R 4%W 1.5%SP,,,150,315,印染工艺,常规染色,,,,,GY13725003,,期货,米,1000,0,,,,,,,,,,IMG_0762.jpg
chinafabric,染色与整理类,染色+印花,混纺纤维,涤粘混纺,男装,X90335,春季|夏季|秋季,82%T 16.5%R 1.5%SP,,,150,305,印染工艺,常规染色,,,,,GY13725002,,期货,米,1000,0,,,,,,,,,,IMG_0761.jpg
chinafabric,染色与整理类,染色+印花,混纺纤维,棉涤混纺,男装,S12B070,春季|夏季|秋季,54.5%C 44%T 1.5%SP,50*16+70D,,124,305,印染工艺,常规染色,,,,,GY13725001,,期货,米,1000,0,,,,,,,,,,IMG_0760.jpg
chinafabric,染色与整理类,染色+印花,天然纤维,棉,男装|女装,jssy-15,春季|夏季|秋季,棉100%,,,145,,印染工艺,常规染色,,,,,GY13606030,,期货,米,1000,30,,,,,,,,,,Capture_00007.JPG
chinafabric,染色与整理类,染色+印花,天然纤维,棉,男装|女装,jssy-14,春季|夏季|秋季,棉100%,,,145,,印染工艺,常规染色,,,,,GY13606029,,期货,米,1000,27,,,,,,,,,,Capture_00004.JPG
chinafabric,染色与整理类,染色+印花,天然纤维,棉,男装|女装,jssy-13,春季|夏季|秋季,棉100%,,,145,,印染工艺,常规染色,,,,,GY13606028,,期货,米,1000,28.5,,,,,,,,,,Capture_00009.JPG
chinafabric,染色与整理类,染色+印花,天然纤维,棉,男装|女装,jssy-12,春季|夏季|秋季,棉100%,,,145,,印染工艺,常规染色,,,,,GY13606027,,期货,米,1000,28,,,,,,,,,,Capture_00076.JPG
chinafabric,染色与整理类,染色+印花,天然纤维,棉,男装|女装,jssy-11,春季|夏季|秋季,棉100%,,,145,,印染工艺,常规染色,,,,,GY13606026,,期货,米,1000,25,,,,,,,,,,Capture_00075.JPG
chinafabric,染色与整理类,染色+印花,天然纤维,棉,男装|女装,jssy-10,春季|夏季|秋季,棉100%,,,145,,印染工艺,常规染色,,,,,GY13606025,,期货,米,1000,26,,,,,,,,,,Capture_00001.JPG
chinafabric,染色与整理类,染色+印花,天然纤维,棉,男装|女装,jssy-9,春季|夏季|秋季,棉100%,,,145,,印染工艺,常规染色,,,,,GY13606024,,期货,米,1000,26,,,,,,,,,,Capture_00006.JPG
chinafabric,染色与整理类,染色+印花,天然纤维,棉,男装|女装,jssy-8,春季|夏季|秋季,棉100%,,,145,,印染工艺,常规染色,,,,,GY13606023,,期货,米,1000,28,,,,,,,,,,Capture_00079.JPG
chinafabric,染色与整理类,染色+印花,天然纤维,棉,男装|女装,jssy-7,春季|夏季|秋季,棉100%,,,145,,印染工艺,常规染色,,,,,GY13606022,,期货,米,1000,30,,,,,,,,,,Capture_00210.JPG
chinafabric,染色与整理类,染色+印花,天然纤维,棉,男装|女装,jssy-6,春季|夏季|秋季,棉100%,,,145,,印染工艺,常规染色,,,,,GY13606021,,期货,米,1000,27,,,,,,,,,,Capture_00005.JPG
chinafabric,染色与整理类,染色+印花,天然纤维,棉,男装|女装,jssy-5,春季|夏季|秋季,棉100%,,,125,,印染工艺,常规染色,,,,,GY13606020,,期货,米,1000,31,,,,,,,,,,Capture_00214.JPG
chinafabric,染色与整理类,染色+印花,天然纤维,棉,男装|女装,jssy-4,春季|夏季|秋季,棉100%,,,145,,印染工艺,常规染色,,,,,GY13606019,,期货,米,1000,28.5,,,,,,,,,,Capture_00008.JPG
chinafabric,染色与整理类,染色+印花,天然纤维,棉,男装|女装,jssy-3,春季|夏季|秋季,棉100%,,,145,,印染工艺,常规染色,,,,,GY13606018,,期货,米,1000,27,,,,,,,,,,Capture_00003.JPG
chinafabric,染色与整理类,染色+印花,天然纤维,棉,男装|女装,jssy-2,春季|夏季|秋季,棉100%,,,145,,印染工艺,常规染色,,,,,GY13606017,,期货,米,1000,30,,,,,,,,,,Capture_00215.JPG
chinafabric,染色与整理类,染色+印花,天然纤维,棉,男装|女装,jssy-1,春季|夏季|秋季,棉100%,,,145,,印染工艺,常规染色,,,,,GY13606016,,期货,米,1000,29,,,,,,,,,,Capture_00207.JPG
chinafabric,染色与整理类,染色+印花,化学纤维,维纶,男装|女装,菜瓜布,春季|秋季,"A|70,W|31,",,,67,165,印染工艺,常规染色,,,,,GY11530266,,期货,米,1000,0,,,,,,,,,,GY11530266.jpg
chinafabric,染色与整理类,染色+印花,化学纤维,维纶,男装|女装,单面布,春季|秋季,"A|70,L|30,",,,57,162,印染工艺,常规染色,,,,,GY11530265,,期货,米,1000,0,,,,,,,,,,GY11530265.jpg
chinafabric,染色与整理类,染色+印花,天然纤维,棉,男装|女装,火山岩鸟眼格子布,春季|秋季,"C|40,Mineral|70,",,,71,191,印染工艺,常规染色,,,,,GY11530264,,期货,米,1000,0,,,,,,,,,,GY11530264.jpg
chinafabric,染色与整理类,染色+印花,化学纤维,涤纶,男装|女装,单面布,春季|秋季,"P|81,W|11,SP|,8,",,,60,276,印染工艺,常规染色,,,,,GY11530263,,期货,米,1000,0,,,,,,,,,,GY11530263.jpg
chinafabric,染色与整理类,染色+印花,再生纤维,天丝,男装|女装,单面布,春季|秋季,"Tel|50,R|50,",,,58,125,印染工艺,常规染色,,,,,GY11530262,,期货,米,1000,0,,,,,,,,,,GY11530262.jpg
chinafabric,染色与整理类,染色+印花,天然纤维,棉,男装|女装,竹节纱单面布,春季|秋季,"C|65,Bamboo|26,SB|6,SP|3,",,,62,167,印染工艺,常规染色,,,,,GY11530261,,期货,米,1000,0,,,,,,,,,,GY11530261.jpg
chinafabric,染色与整理类,染色+印花,再生纤维,天丝,男装|女装,甲壳素条子布,春季|秋季,"Tel|66,C|17,R|17,",,,58,130,印染工艺,常规染色,,,,,GY11530260,,期货,米,1000,0,,,,,,,,,,GY11530260.jpg
chinafabric,染色与整理类,染色+印花,化学纤维,涤纶,男装|女装,仿麻单面布,春季|秋季,"P|85,SP|15,",,,54.5,215,印染工艺,常规染色,,,,,GY11530259,,期货,米,1000,0,,,,,,,,,,GY11530259.jpg
chinafabric,染色与整理类,染色+印花,混纺纤维,棉涤混纺,男装|女装,烧花布,春季|秋季,"P|65,C|35,",,,64,87,印染工艺,常规染色,,,,,GY11530258,,期货,米,1000,0,,,,,,,,,,GY11530258.jpg
chinafabric,染色与整理类,染色+印花,天然纤维,棉,男装|女装,火山岩鸟眼格子布,春季|秋季,"C|77,Mineral|23,",,,58,164,印染工艺,常规染色,,,,,GY11530257,,期货,米,1000,0,,,,,,,,,,GY11530257.jpg
chinafabric,染色与整理类,染色+印花,化学纤维,锦纶,男装|女装,单面布,春季|秋季,"N|87,SP|13,",,,52,174,印染工艺,常规染色,,,,,GY11530256,,期货,米,1000,0,,,,,,,,,,GY11530256.jpg
chinafabric,染色与整理类,染色+印花,化学纤维,涤纶,男装|女装,四段斜纹布,春季|秋季,"P|100,",,,54,281,印染工艺,常规染色,,,,,GY11530255,,期货,米,1000,0,,,,,,,,,,GY11530255.jpg
chinafabric,染色与整理类,染色+印花,混纺纤维,棉粘混纺,男装|女装,凉爽纱麻灰单面布,春季|秋季,"C|39,N|35,Modal|26,",,,75,161,印染工艺,常规染色,,,,,GY11530254,,期货,米,1000,0,,,,,,,,,,GY11530254.jpg
chinafabric,染色与整理类,常规染色,天然纤维,棉,男装|女装,1050099-2,春季|秋季,"C|70,P|28,SP|2,",30S*150D,,53/54,,印染工艺,常规染色,,,,,GY11530110,,期货,米,1000,0,,,,,,,,,,GY11530110.jpg
chinafabric,染色与整理类,常规染色,天然纤维,棉,男装|女装,1090209-1,春季|秋季,"Tel|42,C|58,",24+24*20,,58/59,7.3,印染工艺,常规染色,,,,,GY11530109,,期货,米,1000,0,,,,,,,,,,GY11530109.jpg
chinafabric,染色与整理类,常规染色,天然纤维,棉,男装|女装,1090209-2,春季|秋季,"Tel|42,C|58,",50D*50D,,58/59,7.3,印染工艺,常规染色,,,,,GY11530108,,期货,米,1000,0,,,,,,,,,,GY11530108.jpg
chinafabric,染色与整理类,常规染色,天然纤维,麻赛尔,男装|女装,960486,春季|秋季,"Tel|100,",21S+21S*21S,,58/59,5.3,印染工艺,常规染色,,,,,GY11530107,,期货,米,1000,0,,,,,,,,,,GY11530107.jpg
chinafabric,染色与整理类,常规染色,天然纤维,麻赛尔,男装|女装,561856-1#,春季|秋季,亚麻|100,21S*21S,,57/58,0,印染工艺,常规染色,,,,,GY11530105,,期货,米,1000,0,,,,,,,,,,GY11530105.jpg
chinafabric,染色与整理类,常规染色,天然纤维,棉,男装|女装,850802-3,春季|秋季,"C|100,",60S*60S,,60/61,2.2,印染工艺,常规染色,,,,,GY11530104,,期货,米,1000,0,,,,,,,,,,GY11530104.jpg
chinafabric,染色与整理类,常规染色,天然纤维,棉,男装|女装,850802-4,春季|秋季,"C|100,",60S*60S,,60/61,2.2,印染工艺,常规染色,,,,,GY11530103,,期货,米,1000,0,,,,,,,,,,GY11530103.jpg
chinafabric,染色与整理类,常规染色,天然纤维,棉,男装|女装,940156,春季|秋季,"C|100,",60S*60S,,57/58,2.2,印染工艺,常规染色,,,,,GY11530102,,期货,米,1000,0,,,,,,,,,,GY11530102.jpg
chinafabric,染色与整理类,常规染色,天然纤维,棉,男装|女装,1010080-3,春季|秋季,"C|100,",21+21*21+21,,57/58,,印染工艺,常规染色,,,,,GY11530101,,期货,米,1000,0,,,,,,,,,,GY11530101.jpg
chinafabric,染色与整理类,常规染色,天然纤维,棉,男装|女装,1010108,春季|秋季,"C|73,CEO|27,",40+32/2*100D,,57/58,,印染工艺,常规染色,,,,,GY11530100,,期货,米,1000,0,,,,,,,,,,GY11530100.jpg
chinafabric,染色与整理类,常规染色,天然纤维,棉,男装|女装,1010089-2,春季|秋季,"C|58,CEO|42,",40S+150D,,57/58,,印染工艺,常规染色,,,,,GY11530099,,期货,米,1000,0,,,,,,,,,,GY11530099.jpg
chinafabric,染色与整理类,常规染色,天然纤维,棉,男装|女装,1010028-4,春季|秋季,"C|100,",50D+26S*50D+26S,,57/58,,印染工艺,常规染色,,,,,GY11530098,,期货,米,1000,0,,,,,,,,,,GY11530098.jpg
chinafabric,染色与整理类,常规染色,天然纤维,棉,男装|女装,910333,春季|秋季,"C|100,",40S*40S+21S,,57/58,,印染工艺,常规染色,,,,,GY11530097,,期货,米,1000,0,,,,,,,,,,GY11530097.jpg
chinafabric,染色与整理类,常规染色,混纺纤维,棉麻混纺,男装|女装,630260,春季|秋季,"L|55,C|45,",21S*15D,,57/58,,印染工艺,常规染色,,,,,GY11530096,,期货,米,1000,0,,,,,,,,,,GY11530096.jpg
chinafabric,染色与整理类,常规染色,天然纤维,棉,男装|女装,1010154,春季|秋季,"C|100,",40S*40S,,57/58,,印染工艺,常规染色,,,,,GY11530095,,期货,米,1000,0,,,,,,,,,,GY11530095.jpg
chinafabric,染色与整理类,染色+印花,化学纤维,涤纶,男装,X20770,春季|夏季|秋季,"涤纶[T]|75,锦纶|20,SP氨纶|5,",,,145,200,印染工艺,常规染色,,,,,GY10C06097,,期货,米,1000,0,,,,,,,,,,GY10C06097_1.jpg
chinafabric,染色与整理类,染色+印花,化学纤维,涤纶,男装,X20221,春季|夏季|秋季,涤纶97.5%SP氨纶2.5%,T75D+T50D*75D+40DSP,,145,215,印染工艺,常规染色,,,,,GY10C06091,,期货,米,1000,0,,,,,,,,,,GY10C06091_1.jpg
chinafabric,染色与整理类,染色+印花,天然纤维,棉,女装,BB003,春季|夏季,棉|100,60S*60S,,148,0,印染工艺,常规染色,,,,,GY10526015,,期货,米,1000,0,,,,,,,,,,GY10526015.jpg
chinafabric,染色与整理类,常规染色,化学纤维,涤纶,男装|女装|,75D单贴复合膜,春季|秋季|冬季,"涤纶[T]|92,SP氨纶|8,",,,150,0,印染工艺,常规染色,,,,,GY09922348,,期货,米,1000,0,,,,,,,,,,GY09922348.jpg
chinafabric,染色与整理类,常规染色,化学纤维,涤纶,男装|女装|,100D烫花弹力布,春季|秋季|冬季,"涤纶[T]|92,SP氨纶|8,",,,57/58,0,印染工艺,常规染色,,,,,GY09922340,,期货,米,1000,0,,,,,,,,,,GY09922340.jpg
chinafabric,染色与整理类,常规染色,化学纤维,涤纶,男装|女装|,50D平纹四面弹,春季|秋季|冬季,"涤纶[T]|92,SP氨纶|8,",,,57/58,0,印染工艺,常规染色,,,,,GY09922339,,期货,米,1000,0,,,,,,,,,,GY09922339.jpg
chinafabric,染色与整理类,常规染色,化学纤维,腈纶,男装|女装,RN7508-09B020312/CD,秋季|冬季,"锦纶|27,粘胶|68,SP氨纶|5,",,,150,280,印染工艺,常规染色,,,,,GY09922184,,期货,米,1000,0,,,,,,,,,,GY09922184.jpg
